mid,dtg,y,x
civ-84a4b185-4876-45c5-929b-45060c124883,2026-04-01T06:40:00,12.363994,-1.515314
civ-3c1ada17-80cb-4017-b4c7-4c3d02237b2b,2026-04-01T06:40:00,12.364064,-1.515501
civ-25f98b9d-dda3-4cc0-979d-4373883a6fea,2026-04-01T06:41:00,12.362718,-1.522483
civ-8ceb1a3a-e9b7-40fe-814f-479959e1454a,2026-04-01T06:41:00,12.36399,-1.515493
civ-abeda85a-7a5f-4a4d-9fee-a646cbd29f07,2026-04-01T06:41:00,12.362945,-1.522422
civ-24c68766-5999-444c-ab46-bc6019ffd914,2026-04-01T06:41:00,12.363108,-1.522668
civ-25f98b9d-dda3-4cc0-979d-4373883a6fea,2026-04-01T06:42:00,12.363093,-1.522443
civ-7162f91a-3b65-44e6-95e6-cf5dbe6fd319,2026-04-01T06:43:00,12.363919,-1.515356
civ-82a4f402-4c12-4405-ad50-0fd02a4a0b03,2026-04-01T06:45:00,12.362886,-1.522447
civ-4850d4b7-349b-4438-8981-93c40949f039,2026-04-01T06:45:00,12.36303,-1.522629
civ-7162f91a-3b65-44e6-95e6-cf5dbe6fd319,2026-04-01T06:45:00,12.364086,-1.515452
civ-72600113-7b6d-42b8-b67e-761eb13871c5,2026-04-01T06:45:00,12.362834,-1.522481
civ-d05ccc1a-7710-4be7-91df-2c15cf8604af,2026-04-01T06:46:00,12.363005,-1.522499
civ-4850d4b7-349b-4438-8981-93c40949f039,2026-04-01T06:46:00,12.36286,-1.522488
civ-a2ca91a1-7da6-4ef0-b661-730d574a2c52,2026-04-01T06:46:00,12.362906,-1.522597
civ-c32f3802-5bf3-4444-b115-13079e195724,2026-04-01T06:46:00,12.364135,-1.515393
civ-ac6353fc-8224-43c6-925d-d822d079e811,2026-04-01T06:47:00,12.364185,-1.515242
civ-82a4f402-4c12-4405-ad50-0fd02a4a0b03,2026-04-01T06:47:00,12.363043,-1.522611
civ-e60b8747-9271-40df-8dc9-dca10a2f9e8f,2026-04-01T06:47:00,12.363862,-1.515285
civ-24c68766-5999-444c-ab46-bc6019ffd914,2026-04-01T06:47:00,12.362856,-1.522493
civ-8ceb1a3a-e9b7-40fe-814f-479959e1454a,2026-04-01T06:47:00,12.36395,-1.515508
civ-ef2ba886-f703-414a-84b6-c6664c752f36,2026-04-01T06:49:00,12.363881,-1.515235
civ-f4231902-c9ae-41df-b227-3bedfb0d1d60,2026-04-01T06:49:00,12.363883,-1.51534
civ-42931d30-6953-4ae8-a718-fa6b7a5f963c,2026-04-01T06:50:00,12.36294,-1.52243
civ-07c135d9-4df1-4704-bc07-1eb2566e2c2a,2026-04-01T06:50:00,12.364058,-1.515277
civ-55d678ca-adc9-49f9-b39e-797e3da38bf2,2026-04-01T06:50:00,12.364106,-1.515442
civ-c32f3802-5bf3-4444-b115-13079e195724,2026-04-01T06:51:00,12.363894,-1.515584
civ-f4231902-c9ae-41df-b227-3bedfb0d1d60,2026-04-01T06:52:00,12.363814,-1.515408
civ-abeda85a-7a5f-4a4d-9fee-a646cbd29f07,2026-04-01T06:52:00,12.362857,-1.522559
civ-2947df25-b4c6-4bac-a036-460f0d0ffb47,2026-04-01T06:52:00,12.362981,-1.522472
civ-87da303d-d123-44dd-9bba-9180dd2f4a93,2026-04-01T06:53:00,12.36284,-1.522423
civ-a55f07fd-be91-47c1-8d75-dcf389749cd3,2026-04-01T06:53:00,12.363047,-1.522629
civ-7044883b-24bf-4ca4-b4f3-3f0ee3e8e2ae,2026-04-01T06:54:00,12.363091,-1.522407
civ-07b0e9cd-c235-4bac-96ef-d6416141a66c,2026-04-01T06:54:00,12.363932,-1.515386
civ-f29379da-a334-434a-ba1f-a891153fb014,2026-04-01T06:54:00,12.362858,-1.522402
civ-772c3485-1d3a-4b1d-9778-9985229fcd9a,2026-04-01T06:55:00,12.36399,-1.51542
civ-64299bac-5138-489d-b199-9c3cc49299e5,2026-04-01T06:55:00,12.363937,-1.515381
civ-134119a6-74a6-45a8-ab0b-33ac4bb223b1,2026-04-01T06:56:00,12.362906,-1.522535
civ-e5c0bf98-524b-44d7-aea2-f05a2347dade,2026-04-01T06:56:00,12.364095,-1.515558
civ-3c1ada17-80cb-4017-b4c7-4c3d02237b2b,2026-04-01T06:56:00,12.363904,-1.515413
civ-274f0a62-a9b6-447c-ab9e-91f3a420fe3f,2026-04-01T06:57:00,12.363014,-1.522564
civ-e60b8747-9271-40df-8dc9-dca10a2f9e8f,2026-04-01T06:57:00,12.36414,-1.51539
civ-24c68766-5999-444c-ab46-bc6019ffd914,2026-04-01T06:57:00,12.362962,-1.522645
civ-03f4619a-97c2-4585-b28a-493267d9ac19,2026-04-01T06:57:00,12.362877,-1.522612
civ-1750e48b-2895-4589-87c7-51425fc71855,2026-04-01T06:58:00,12.362925,-1.522556
civ-ac6353fc-8224-43c6-925d-d822d079e811,2026-04-01T06:58:00,12.363978,-1.515313
civ-64299bac-5138-489d-b199-9c3cc49299e5,2026-04-01T06:59:00,12.364177,-1.515397
civ-116bd623-45a9-402c-9de3-f8227c0b9f36,2026-04-01T06:59:00,12.364147,-1.515524
civ-84a4b185-4876-45c5-929b-45060c124883,2026-04-01T07:00:00,12.363952,-1.515471
civ-03f4619a-97c2-4585-b28a-493267d9ac19,2026-04-01T07:01:00,12.362608,-1.522592
civ-ac6353fc-8224-43c6-925d-d822d079e811,2026-04-01T07:01:00,12.364106,-1.515394
civ-d05ccc1a-7710-4be7-91df-2c15cf8604af,2026-04-01T07:02:00,12.362812,-1.522458
civ-f4231902-c9ae-41df-b227-3bedfb0d1d60,2026-04-01T07:03:00,12.364033,-1.515485
civ-07b0e9cd-c235-4bac-96ef-d6416141a66c,2026-04-01T07:03:00,12.363809,-1.515447
civ-82a4f402-4c12-4405-ad50-0fd02a4a0b03,2026-04-01T07:04:00,12.363092,-1.522676
civ-31825374-8778-476e-b9d7-b8c4d431c4f1,2026-04-01T07:04:00,12.363857,-1.515454
civ-7044883b-24bf-4ca4-b4f3-3f0ee3e8e2ae,2026-04-01T07:06:00,12.362787,-1.522417
civ-03f4619a-97c2-4585-b28a-493267d9ac19,2026-04-01T07:07:00,12.362817,-1.522505
civ-55d678ca-adc9-49f9-b39e-797e3da38bf2,2026-04-01T07:07:00,12.363846,-1.515278
civ-07c135d9-4df1-4704-bc07-1eb2566e2c2a,2026-04-01T07:09:00,12.363913,-1.515338
civ-68f9a752-fc5c-4fa7-80bb-9eb8dabdef98,2026-04-01T07:09:00,12.363959,-1.515344
civ-3d1f9530-da3e-4d5b-b818-279c35b80a99,2026-04-01T07:09:00,12.36291,-1.52244
civ-c32f3802-5bf3-4444-b115-13079e195724,2026-04-01T07:12:00,12.363976,-1.515335
civ-fa3f1ebc-1ab1-4b0a-8b9f-873bdfc21344,2026-04-01T07:12:00,12.362829,-1.52251
civ-116bd623-45a9-402c-9de3-f8227c0b9f36,2026-04-01T07:12:00,12.364035,-1.515403
civ-592637fe-179b-4e10-8f68-caaa1f9002d9,2026-04-01T07:12:00,12.364031,-1.515231
civ-c30b4dfa-965e-4234-ad1e-40ed034345eb,2026-04-01T07:14:00,12.363954,-1.515495
civ-e60b8747-9271-40df-8dc9-dca10a2f9e8f,2026-04-01T07:14:00,12.36403,-1.515467
civ-72600113-7b6d-42b8-b67e-761eb13871c5,2026-04-01T07:14:00,12.362836,-1.522439
civ-7044883b-24bf-4ca4-b4f3-3f0ee3e8e2ae,2026-04-01T07:14:00,12.363059,-1.522464
civ-abeda85a-7a5f-4a4d-9fee-a646cbd29f07,2026-04-01T07:15:00,12.362792,-1.52253
civ-3c1ada17-80cb-4017-b4c7-4c3d02237b2b,2026-04-01T07:15:00,12.364011,-1.515354
civ-2947df25-b4c6-4bac-a036-460f0d0ffb47,2026-04-01T07:16:00,12.362932,-1.522562
civ-72600113-7b6d-42b8-b67e-761eb13871c5,2026-04-01T07:17:00,12.362904,-1.522559
civ-274f0a62-a9b6-447c-ab9e-91f3a420fe3f,2026-04-01T07:17:00,12.362763,-1.522544
civ-68f9a752-fc5c-4fa7-80bb-9eb8dabdef98,2026-04-01T07:18:00,12.364,-1.515396
civ-84a4b185-4876-45c5-929b-45060c124883,2026-04-01T07:18:00,12.363911,-1.515355
civ-134119a6-74a6-45a8-ab0b-33ac4bb223b1,2026-04-01T07:18:00,12.362918,-1.522554
civ-55d678ca-adc9-49f9-b39e-797e3da38bf2,2026-04-01T07:18:00,12.36399,-1.515289
civ-1750e48b-2895-4589-87c7-51425fc71855,2026-04-01T07:19:00,12.362847,-1.522424
civ-1750e48b-2895-4589-87c7-51425fc71855,2026-04-01T07:20:00,12.362881,-1.522544
civ-116bd623-45a9-402c-9de3-f8227c0b9f36,2026-04-01T07:20:00,12.363847,-1.515405
HAWK-2,2026-04-01T10:00:00,12.362002,-1.512573
VIPER-2,2026-04-01T10:00:00,12.361995,-1.512555
HAWK-2,2026-04-01T10:15:00,12.361984,-1.512561
VIPER-2,2026-04-01T10:15:00,12.36199,-1.512553
HAWK-2,2026-04-01T10:30:00,12.361991,-1.512553
VIPER-2,2026-04-01T10:30:00,12.361995,-1.512559
LR-ASC-003,2026-04-01T10:30:00,12.361998,-1.512558
HAWK-2,2026-04-01T10:45:00,12.361992,-1.512569
VIPER-2,2026-04-01T10:45:00,12.361995,-1.512539
LR-ASC-003,2026-04-01T10:45:00,12.362014,-1.512549
ST-ASC-003,2026-04-01T11:00:00,12.362004,-1.512557
VIPER-2,2026-04-01T11:00:00,12.362,-1.512566
HAWK-2,2026-04-01T11:00:00,12.362013,-1.512558
LR-ASC-003,2026-04-01T11:00:00,12.361996,-1.512551
ST-ASC-003,2026-04-01T11:15:00,12.362006,-1.512542
VIPER-2,2026-04-01T11:15:00,12.362007,-1.512567
HAWK-2,2026-04-01T11:15:00,12.362001,-1.512569
LR-ASC-003,2026-04-01T11:15:00,12.361996,-1.51256
ST-DEV-001,2026-04-01T12:15:00,12.363601,-1.515311
ST-DEV-001,2026-04-01T12:15:30,12.36359,-1.515363
ST-DEV-001,2026-04-01T12:16:00,12.363579,-1.515416
ST-DEV-001,2026-04-01T12:16:30,12.363567,-1.515468
ST-DEV-001,2026-04-01T12:17:00,12.363556,-1.51552
ST-DEV-001,2026-04-01T12:17:30,12.363545,-1.515572
ST-DEV-001,2026-04-01T12:18:00,12.3635,-1.515571
ST-DEV-001,2026-04-01T12:18:30,12.36345,-1.515559
ST-DEV-001,2026-04-01T12:19:00,12.363399,-1.515547
ST-DEV-001,2026-04-01T12:19:30,12.363348,-1.515535
ST-DEV-001,2026-04-01T12:20:00,12.363297,-1.515523
ST-DEV-001,2026-04-01T12:20:30,12.363246,-1.515511
ST-DEV-001,2026-04-01T12:21:00,12.363195,-1.515499
ST-DEV-001,2026-04-01T12:21:30,12.363144,-1.515487
ST-DEV-001,2026-04-01T12:22:00,12.363093,-1.515476
ST-DEV-001,2026-04-01T12:22:30,12.363042,-1.515464
ST-DEV-001,2026-04-01T12:23:00,12.362991,-1.515452
ST-DEV-001,2026-04-01T12:23:30,12.36294,-1.51544
ST-DEV-001,2026-04-01T12:24:00,12.362889,-1.515428
ST-DEV-001,2026-04-01T12:24:30,12.362838,-1.515416
ST-DEV-001,2026-04-01T12:25:00,12.362787,-1.515404
LR-DEV-001,2026-04-01T12:25:00,12.364466,-1.521212
ST-ASC-002,2026-04-01T12:25:00,12.363601,-1.515311
LR-DEV-001,2026-04-01T12:25:30,12.364492,-1.521067
ST-ASC-002,2026-04-01T12:25:30,12.363586,-1.515382
ST-DEV-001,2026-04-01T12:25:30,12.362736,-1.515392
ST-DEV-001,2026-04-01T12:26:00,12.362685,-1.51538
LR-DEV-001,2026-04-01T12:26:00,12.364518,-1.520921
ST-ASC-002,2026-04-01T12:26:00,12.36357,-1.515454
LR-DEV-001,2026-04-01T12:26:30,12.364544,-1.520776
ST-ASC-002,2026-04-01T12:26:30,12.363555,-1.515525
ST-DEV-001,2026-04-01T12:26:30,12.362634,-1.515368
ST-DEV-001,2026-04-01T12:27:00,12.362583,-1.515356
ST-ASC-002,2026-04-01T12:27:00,12.363528,-1.515578
LR-DEV-001,2026-04-01T12:27:00,12.36457,-1.52063
LR-DEV-001,2026-04-01T12:27:30,12.364597,-1.520485
ST-DEV-001,2026-04-01T12:27:30,12.362532,-1.515344
ST-ASC-002,2026-04-01T12:27:30,12.363459,-1.515561
ST-ASC-002,2026-04-01T12:28:00,12.363389,-1.515545
ST-DEV-001,2026-04-01T12:28:00,12.362481,-1.515332
LR-DEV-001,2026-04-01T12:28:00,12.364624,-1.52034
ST-DEV-001,2026-04-01T12:28:30,12.36243,-1.51532
LR-DEV-001,2026-04-01T12:28:30,12.364651,-1.520194
ST-ASC-002,2026-04-01T12:28:30,12.36332,-1.515529
ST-DEV-001,2026-04-01T12:29:00,12.362379,-1.515308
LR-DEV-001,2026-04-01T12:29:00,12.364678,-1.520049
ST-ASC-002,2026-04-01T12:29:00,12.36325,-1.515512
ST-DEV-001,2026-04-01T12:29:30,12.362328,-1.515296
LR-DEV-001,2026-04-01T12:29:30,12.364705,-1.519904
ST-ASC-002,2026-04-01T12:29:30,12.363181,-1.515496
ST-ASC-002,2026-04-01T12:30:00,12.363111,-1.51548
LR-ASC-002,2026-04-01T12:30:00,12.364466,-1.521212
LR-DEV-001,2026-04-01T12:30:00,12.364732,-1.519759
ST-DEV-001,2026-04-01T12:30:00,12.362278,-1.515285
LR-DEV-001,2026-04-01T12:30:30,12.364759,-1.519613
LR-ASC-002,2026-04-01T12:30:30,12.364495,-1.521053
ST-DEV-001,2026-04-01T12:30:30,12.362227,-1.515273
ST-ASC-002,2026-04-01T12:30:30,12.363042,-1.515464
LR-DEV-001,2026-04-01T12:31:00,12.364785,-1.519468
ST-DEV-001,2026-04-01T12:31:00,12.362176,-1.515261
LR-ASC-002,2026-04-01T12:31:00,12.364523,-1.520894
ST-ASC-002,2026-04-01T12:31:00,12.362972,-1.515447
LR-DEV-001,2026-04-01T12:31:30,12.364814,-1.519323
ST-DEV-001,2026-04-01T12:31:30,12.362125,-1.515249
ST-ASC-002,2026-04-01T12:31:30,12.362903,-1.515431
LR-ASC-002,2026-04-01T12:31:30,12.364552,-1.520735
ST-DEV-001,2026-04-01T12:32:00,12.362074,-1.515237
LR-ASC-002,2026-04-01T12:32:00,12.36458,-1.520576
ST-ASC-002,2026-04-01T12:32:00,12.362833,-1.515415
LR-DEV-001,2026-04-01T12:32:00,12.364843,-1.519178
LR-ASC-002,2026-04-01T12:32:30,12.36461,-1.520417
LR-DEV-001,2026-04-01T12:32:30,12.364872,-1.519033
ST-DEV-001,2026-04-01T12:32:30,12.362023,-1.515225
ST-ASC-002,2026-04-01T12:32:30,12.362764,-1.515398
ST-DEV-001,2026-04-01T12:33:00,12.361972,-1.515213
LR-ASC-002,2026-04-01T12:33:00,12.364639,-1.520258
ST-ASC-002,2026-04-01T12:33:00,12.362694,-1.515382
LR-DEV-001,2026-04-01T12:33:00,12.3649,-1.518888
ST-ASC-002,2026-04-01T12:33:30,12.362625,-1.515366
ST-DEV-001,2026-04-01T12:33:30,12.361921,-1.515201
LR-DEV-001,2026-04-01T12:33:30,12.364928,-1.518743
LR-ASC-002,2026-04-01T12:33:30,12.364669,-1.520099
ST-DEV-001,2026-04-01T12:34:00,12.36187,-1.515189
LR-DEV-001,2026-04-01T12:34:00,12.364955,-1.518598
LR-ASC-002,2026-04-01T12:34:00,12.364698,-1.51994
ST-ASC-002,2026-04-01T12:34:00,12.362555,-1.51535
LR-DEV-001,2026-04-01T12:34:30,12.364959,-1.51847
ST-ASC-002,2026-04-01T12:34:30,12.362486,-1.515333
ST-DEV-001,2026-04-01T12:34:30,12.361819,-1.515177
LR-ASC-002,2026-04-01T12:34:30,12.364728,-1.519781
ST-DEV-001,2026-04-01T12:35:00,12.361768,-1.515164
LR-ASC-002,2026-04-01T12:35:00,12.364757,-1.519622
ST-ASC-002,2026-04-01T12:35:00,12.362416,-1.515317
LR-DEV-001,2026-04-01T12:35:00,12.364817,-1.518446
LR-ASC-002,2026-04-01T12:35:30,12.364786,-1.519463
ST-DEV-001,2026-04-01T12:35:30,12.361718,-1.515163
LR-DEV-001,2026-04-01T12:35:30,12.364675,-1.518418
ST-ASC-002,2026-04-01T12:35:30,12.362347,-1.515301
LR-DEV-001,2026-04-01T12:36:00,12.364533,-1.518391
ST-ASC-002,2026-04-01T12:36:00,12.362278,-1.515285
LR-ASC-002,2026-04-01T12:36:00,12.364818,-1.519305
ST-DEV-001,2026-04-01T12:36:00,12.361666,-1.515165
ST-ASC-002,2026-04-01T12:36:30,12.362208,-1.515268
LR-DEV-001,2026-04-01T12:36:30,12.364391,-1.518364
ST-DEV-001,2026-04-01T12:36:30,12.361615,-1.515156
LR-ASC-002,2026-04-01T12:36:30,12.36485,-1.519147
LR-ASC-002,2026-04-01T12:37:00,12.364881,-1.518988
ST-ASC-002,2026-04-01T12:37:00,12.362139,-1.515252
ST-DEV-001,2026-04-01T12:37:00,12.361566,-1.515136
LR-DEV-001,2026-04-01T12:37:00,12.364248,-1.518338
ST-ASC-002,2026-04-01T12:37:30,12.362069,-1.515236
ST-DEV-001,2026-04-01T12:37:30,12.361526,-1.515102
LR-ASC-002,2026-04-01T12:37:30,12.364911,-1.518829
LR-DEV-001,2026-04-01T12:37:30,12.364106,-1.518312
LR-DEV-001,2026-04-01T12:38:00,12.363964,-1.518286
ST-DEV-001,2026-04-01T12:38:00,12.361495,-1.51506
ST-ASC-002,2026-04-01T12:38:00,12.362,-1.515219
LR-ASC-002,2026-04-01T12:38:00,12.364942,-1.518671
LR-ASC-002,2026-04-01T12:38:30,12.364972,-1.518512
ST-ASC-002,2026-04-01T12:38:30,12.36193,-1.515203
LR-DEV-001,2026-04-01T12:38:30,12.363822,-1.51826
ST-DEV-001,2026-04-01T12:38:30,12.361473,-1.515012
ST-ASC-002,2026-04-01T12:39:00,12.361861,-1.515187
LR-ASC-002,2026-04-01T12:39:00,12.364861,-1.518453
ST-DEV-001,2026-04-01T12:39:00,12.361461,-1.51496
LR-DEV-001,2026-04-01T12:39:00,12.36368,-1.518234
LR-ASC-002,2026-04-01T12:39:30,12.364706,-1.518424
ST-DEV-001,2026-04-01T12:39:30,12.361467,-1.514907
ST-ASC-002,2026-04-01T12:39:30,12.361791,-1.51517
LR-DEV-001,2026-04-01T12:39:30,12.363538,-1.518207
ST-ASC-002,2026-04-01T12:40:00,12.361722,-1.515162
LR-ASC-002,2026-04-01T12:40:00,12.36455,-1.518394
LR-DEV-001,2026-04-01T12:40:00,12.363396,-1.518181
ST-DEV-001,2026-04-01T12:40:00,12.361484,-1.514857
ST-DEV-001,2026-04-01T12:40:30,12.36151,-1.514811
LR-ASC-002,2026-04-01T12:40:30,12.364395,-1.518365
ST-ASC-002,2026-04-01T12:40:30,12.361651,-1.515164
LR-DEV-001,2026-04-01T12:40:30,12.363253,-1.518155
LR-DEV-001,2026-04-01T12:41:00,12.363111,-1.518129
ST-DEV-001,2026-04-01T12:41:00,12.361546,-1.514773
ST-ASC-002,2026-04-01T12:41:00,12.361583,-1.515144
LR-ASC-002,2026-04-01T12:41:00,12.36424,-1.518337
ST-ASC-002,2026-04-01T12:41:30,12.361526,-1.515102
LR-DEV-001,2026-04-01T12:41:30,12.362969,-1.518103
ST-DEV-001,2026-04-01T12:41:30,12.361592,-1.514748
LR-ASC-002,2026-04-01T12:41:30,12.364084,-1.518308
LR-ASC-002,2026-04-01T12:42:00,12.363929,-1.518279
ST-ASC-002,2026-04-01T12:42:00,12.361485,-1.515043
ST-DEV-001,2026-04-01T12:42:00,12.361641,-1.514731
LR-DEV-001,2026-04-01T12:42:00,12.362827,-1.518076
LR-DEV-001,2026-04-01T12:42:30,12.362685,-1.51805
ST-DEV-001,2026-04-01T12:42:30,12.361664,-1.514691
LR-ASC-002,2026-04-01T12:42:30,12.363773,-1.518251
ST-ASC-002,2026-04-01T12:42:30,12.361464,-1.514974
ST-DEV-001,2026-04-01T12:43:00,12.361674,-1.514639
LR-DEV-001,2026-04-01T12:43:00,12.362543,-1.518023
ST-ASC-002,2026-04-01T12:43:00,12.361468,-1.514902
LR-ASC-002,2026-04-01T12:43:00,12.363618,-1.518222
LR-ASC-002,2026-04-01T12:43:30,12.363462,-1.518193
ST-DEV-001,2026-04-01T12:43:30,12.361684,-1.514586
ST-ASC-002,2026-04-01T12:43:30,12.361493,-1.514834
LR-DEV-001,2026-04-01T12:43:30,12.362401,-1.517995
LR-ASC-002,2026-04-01T12:44:00,12.363307,-1.518165
LR-DEV-001,2026-04-01T12:44:00,12.362259,-1.517968
ST-ASC-002,2026-04-01T12:44:00,12.36154,-1.51478
ST-DEV-001,2026-04-01T12:44:00,12.361695,-1.514534
LR-ASC-002,2026-04-01T12:44:30,12.363151,-1.518136
ST-ASC-002,2026-04-01T12:44:30,12.361601,-1.514743
ST-DEV-001,2026-04-01T12:44:30,12.361705,-1.514481
LR-DEV-001,2026-04-01T12:44:30,12.362117,-1.51794
ST-ASC-002,2026-04-01T12:45:00,12.361659,-1.514715
LR-ASC-002,2026-04-01T12:45:00,12.362996,-1.518107
LR-DEV-001,2026-04-01T12:45:00,12.361975,-1.517915
ST-DEV-001,2026-04-01T12:45:00,12.361715,-1.514429
LR-ASC-002,2026-04-01T12:45:30,12.36284,-1.518079
LR-DEV-001,2026-04-01T12:45:30,12.361832,-1.51789
ST-ASC-002,2026-04-01T12:45:30,12.361673,-1.514644
ST-ASC-002,2026-04-01T12:46:00,12.361687,-1.514572
LR-DEV-001,2026-04-01T12:46:00,12.36169,-1.517864
LR-ASC-002,2026-04-01T12:46:00,12.362685,-1.51805
ST-ASC-002,2026-04-01T12:46:30,12.361701,-1.514501
LR-ASC-002,2026-04-01T12:46:30,12.362529,-1.518021
LR-DEV-001,2026-04-01T12:46:30,12.361548,-1.517839
LR-ASC-002,2026-04-01T12:47:00,12.362374,-1.51799
LR-DEV-001,2026-04-01T12:47:00,12.361405,-1.517814
ST-ASC-002,2026-04-01T12:47:00,12.361715,-1.514429
LR-DEV-001,2026-04-01T12:47:30,12.361263,-1.517789
LR-ASC-002,2026-04-01T12:47:30,12.362219,-1.51796
LR-ASC-002,2026-04-01T12:48:00,12.362064,-1.51793
LR-DEV-001,2026-04-01T12:48:00,12.361121,-1.517764
LR-ASC-002,2026-04-01T12:48:30,12.361908,-1.517903
LR-DEV-001,2026-04-01T12:48:30,12.361143,-1.517623
LR-ASC-002,2026-04-01T12:49:00,12.361752,-1.517875
LR-DEV-001,2026-04-01T12:49:00,12.36117,-1.517477
LR-DEV-001,2026-04-01T12:49:30,12.361197,-1.517332
LR-ASC-002,2026-04-01T12:49:30,12.361597,-1.517848
LR-ASC-002,2026-04-01T12:50:00,12.361441,-1.51782
LR-DEV-001,2026-04-01T12:50:00,12.361225,-1.517187
LR-DEV-001,2026-04-01T12:50:30,12.361253,-1.517042
LR-ASC-002,2026-04-01T12:50:30,12.361285,-1.517793
LR-ASC-002,2026-04-01T12:51:00,12.36113,-1.517765
LR-DEV-001,2026-04-01T12:51:00,12.361282,-1.516897
LR-DEV-001,2026-04-01T12:51:30,12.361311,-1.516752
LR-ASC-002,2026-04-01T12:51:30,12.361144,-1.517618
LR-DEV-001,2026-04-01T12:52:00,12.361339,-1.516607
LR-ASC-002,2026-04-01T12:52:00,12.361173,-1.517459
LR-ASC-002,2026-04-01T12:52:30,12.361203,-1.517301
LR-DEV-001,2026-04-01T12:52:30,12.361368,-1.516462
LR-DEV-001,2026-04-01T12:53:00,12.361397,-1.516317
LR-ASC-002,2026-04-01T12:53:00,12.361233,-1.517142
LR-ASC-002,2026-04-01T12:53:30,12.361264,-1.516983
LR-DEV-001,2026-04-01T12:53:30,12.361363,-1.516181
LR-ASC-002,2026-04-01T12:54:00,12.361296,-1.516825
LR-DEV-001,2026-04-01T12:54:00,12.361392,-1.516036
LR-ASC-002,2026-04-01T12:54:30,12.361328,-1.516666
LR-DEV-001,2026-04-01T12:54:30,12.361421,-1.515891
LR-DEV-001,2026-04-01T12:55:00,12.36145,-1.515746
LR-ASC-002,2026-04-01T12:55:00,12.361359,-1.516508
LR-DEV-001,2026-04-01T12:55:30,12.361478,-1.515601
LR-ASC-002,2026-04-01T12:55:30,12.36139,-1.516349
LR-DEV-001,2026-04-01T12:56:00,12.361506,-1.515456
LR-ASC-002,2026-04-01T12:56:00,12.361359,-1.516199
LR-ASC-002,2026-04-01T12:56:30,12.361391,-1.51604
LR-DEV-001,2026-04-01T12:56:30,12.361535,-1.515311
LR-ASC-002,2026-04-01T12:57:00,12.361423,-1.515882
LR-DEV-001,2026-04-01T12:57:00,12.361563,-1.515166
LR-ASC-002,2026-04-01T12:57:30,12.361455,-1.515723
LR-DEV-001,2026-04-01T12:57:30,12.36149,-1.515051
LR-ASC-002,2026-04-01T12:58:00,12.361485,-1.515565
LR-DEV-001,2026-04-01T12:58:00,12.361467,-1.51491
LR-ASC-002,2026-04-01T12:58:30,12.361516,-1.515406
LR-DEV-001,2026-04-01T12:58:30,12.361536,-1.514784
LR-ASC-002,2026-04-01T12:59:00,12.361547,-1.515248
LR-DEV-001,2026-04-01T12:59:00,12.361659,-1.514719
LR-DEV-001,2026-04-01T12:59:30,12.361687,-1.514574
LR-ASC-002,2026-04-01T12:59:30,12.36153,-1.515106
LR-DEV-001,2026-04-01T13:00:00,12.361715,-1.514429
LR-ASC-002,2026-04-01T13:00:00,12.361462,-1.514965
ST-ASC-003,2026-04-01T13:00:00,12.362002,-1.512574
VIPER-2,2026-04-01T13:00:00,12.362002,-1.512557
ST-DEV-001,2026-04-01T13:00:00,12.36199,-1.512552
ST-ASC-002,2026-04-01T13:00:00,12.361999,-1.512553
LR-ASC-003,2026-04-01T13:00:00,12.361996,-1.512558
HAWK-2,2026-04-01T13:00:00,12.361993,-1.512561
LR-ASC-002,2026-04-01T13:00:00,12.362002,-1.512567
LR-DEV-001,2026-04-01T13:00:00,12.361994,-1.512554
LR-ASC-002,2026-04-01T13:00:30,12.361507,-1.514814
LR-ASC-002,2026-04-01T13:01:00,12.361639,-1.514732
LR-ASC-002,2026-04-01T13:01:30,12.361684,-1.514588
LR-ASC-002,2026-04-01T13:02:00,12.361715,-1.514429
LR-ASC-002,2026-04-01T13:10:00,12.362002,-1.512553
VIPER-2,2026-04-01T13:10:00,12.361983,-1.512556
ST-DEV-001,2026-04-01T13:10:00,12.361992,-1.512542
HAWK-2,2026-04-01T13:10:00,12.362008,-1.512553
LR-DEV-001,2026-04-01T13:10:00,12.362003,-1.512562
ST-ASC-003,2026-04-01T13:10:00,12.361988,-1.512554
ST-ASC-002,2026-04-01T13:10:00,12.362002,-1.512549
LR-ASC-003,2026-04-01T13:10:00,12.36199,-1.512567
LR-ASC-003,2026-04-01T13:20:00,12.362007,-1.512544
LR-DEV-001,2026-04-01T13:20:00,12.362017,-1.512552
ST-ASC-003,2026-04-01T13:20:00,12.362007,-1.512554
ST-DEV-001,2026-04-01T13:20:00,12.361993,-1.512559
HAWK-2,2026-04-01T13:20:00,12.361995,-1.512551
ST-ASC-002,2026-04-01T13:20:00,12.362,-1.512543
LR-ASC-002,2026-04-01T13:20:00,12.361992,-1.512555
VIPER-2,2026-04-01T13:20:00,12.362001,-1.512534
VIPER-2,2026-04-01T13:30:00,12.361998,-1.512553
LR-ASC-002,2026-04-01T13:30:00,12.362001,-1.512566
ST-ASC-002,2026-04-01T13:30:00,12.361998,-1.512532
ST-ASC-003,2026-04-01T13:30:00,12.361999,-1.512559
LR-DEV-001,2026-04-01T13:30:00,12.361989,-1.51255
ST-DEV-001,2026-04-01T13:30:00,12.362007,-1.512567
HAWK-2,2026-04-01T13:30:00,12.362001,-1.512547
LR-ASC-003,2026-04-01T13:30:00,12.361999,-1.512547
VIPER-2,2026-04-01T13:40:00,12.362,-1.512567
ST-ASC-002,2026-04-01T13:40:00,12.362006,-1.512564
ST-ASC-003,2026-04-01T13:40:00,12.361987,-1.512562
LR-DEV-001,2026-04-01T13:40:00,12.361991,-1.512549
LR-ASC-003,2026-04-01T13:40:00,12.362003,-1.512562
ST-DEV-001,2026-04-01T13:40:00,12.362002,-1.512544
HAWK-2,2026-04-01T13:40:00,12.361994,-1.512559
LR-ASC-002,2026-04-01T13:40:00,12.362003,-1.512551
VIPER-2,2026-04-01T13:50:00,12.36201,-1.512549
LR-ASC-003,2026-04-01T13:50:00,12.362003,-1.512542
ST-ASC-003,2026-04-01T13:50:00,12.361996,-1.512546
HAWK-2,2026-04-01T13:50:00,12.361996,-1.512569
ST-ASC-002,2026-04-01T13:50:00,12.36199,-1.512552
LR-ASC-002,2026-04-01T13:50:00,12.36201,-1.512547
ST-DEV-001,2026-04-01T13:50:00,12.361986,-1.512554
LR-DEV-001,2026-04-01T13:50:00,12.36201,-1.512563
LR-ASC-002,2026-04-01T14:00:00,12.361988,-1.512564
LR-ASC-003,2026-04-01T14:00:00,12.362,-1.512542
VIPER-2,2026-04-01T14:00:00,12.362007,-1.512564
ST-ASC-002,2026-04-01T14:00:00,12.361998,-1.51255
LR-DEV-001,2026-04-01T14:00:00,12.362009,-1.512552
ST-ASC-003,2026-04-01T14:00:00,12.362003,-1.512572
HAWK-2,2026-04-01T14:00:00,12.362003,-1.512554
ST-DEV-001,2026-04-01T14:00:00,12.362002,-1.512549
ST-ASC-002,2026-04-01T14:10:00,12.362004,-1.512557
LR-ASC-002,2026-04-01T14:10:00,12.362005,-1.512551
VIPER-2,2026-04-01T14:10:00,12.362013,-1.512569
LR-DEV-001,2026-04-01T14:10:00,12.362007,-1.512539
LR-ASC-003,2026-04-01T14:10:00,12.361976,-1.512549
HAWK-2,2026-04-01T14:10:00,12.362,-1.512558
ST-DEV-001,2026-04-01T14:10:00,12.361989,-1.512568
ST-ASC-003,2026-04-01T14:10:00,12.362003,-1.512559
LR-DEV-001,2026-04-01T14:20:00,12.361998,-1.512563
VIPER-2,2026-04-01T14:20:00,12.362005,-1.512536
LR-ASC-002,2026-04-01T14:20:00,12.362005,-1.512521
ST-ASC-003,2026-04-01T14:20:00,12.361994,-1.51255
LR-ASC-003,2026-04-01T14:20:00,12.362001,-1.512559
ST-ASC-002,2026-04-01T14:20:00,12.361992,-1.51257
ST-DEV-001,2026-04-01T14:20:00,12.362005,-1.512553
HAWK-2,2026-04-01T14:20:00,12.361987,-1.51256
LR-DEV-001,2026-04-01T14:30:00,12.361992,-1.512563
ST-ASC-003,2026-04-01T14:30:00,12.362009,-1.512548
HAWK-2,2026-04-01T14:30:00,12.361997,-1.512563
ST-ASC-002,2026-04-01T14:30:00,12.361996,-1.512548
LR-ASC-003,2026-04-01T14:30:00,12.362001,-1.512574
VIPER-2,2026-04-01T14:30:00,12.361991,-1.512561
ST-DEV-001,2026-04-01T14:30:00,12.362002,-1.512553
LR-ASC-002,2026-04-01T14:30:00,12.362005,-1.512546
ST-ASC-003,2026-04-01T14:40:00,12.361992,-1.512559
LR-ASC-003,2026-04-01T14:40:00,12.361998,-1.512553
VIPER-2,2026-04-01T14:40:00,12.362001,-1.512561
HAWK-2,2026-04-01T14:40:00,12.361999,-1.512552
civ-f9aa97df-c7c9-4cfc-a023-6bd47f776494,2026-04-01T14:41:00,12.364004,-1.515475
civ-7b2ba4c2-9337-48e5-995e-851d45e8707a,2026-04-01T14:42:00,12.363854,-1.515396
civ-e19a9dfa-2263-4e5b-ae79-c9cfd18e6ecd,2026-04-01T14:42:00,12.362825,-1.52255
civ-33f25eec-5c3f-4702-a65f-636866d0a736,2026-04-01T14:43:00,12.36394,-1.515349
civ-e19a9dfa-2263-4e5b-ae79-c9cfd18e6ecd,2026-04-01T14:44:00,12.362973,-1.522443
civ-eb9e5c99-a951-4fe3-85ac-0e1cfbc264c2,2026-04-01T14:44:00,12.364023,-1.515481
civ-93546731-1a9f-49ca-89da-157206200ba0,2026-04-01T14:44:00,12.364009,-1.515332
civ-ea31d67b-354b-4148-aa5d-6d7e779f049d,2026-04-01T14:44:00,12.362977,-1.522514
civ-fd34c7db-a2f5-48bc-a07e-c699b2fc19cb,2026-04-01T14:44:00,12.363947,-1.515478
civ-d232d130-e0b2-4bb9-a668-da12e53daa54,2026-04-01T14:44:00,12.362826,-1.522312
civ-5cb78ca4-8c33-4dec-91b1-963e6af3d95f,2026-04-01T14:45:00,12.364055,-1.515332
civ-5cb78ca4-8c33-4dec-91b1-963e6af3d95f,2026-04-01T14:45:00,12.363952,-1.515452
civ-4c7a8076-a415-4ba8-bb35-4a3a52778684,2026-04-01T14:45:00,12.362898,-1.522489
civ-ee65292a-4e52-4688-b5bd-63b73cb8ee63,2026-04-01T14:47:00,12.363874,-1.515349
civ-8b48de7e-b048-4367-99e6-891796647f65,2026-04-01T14:48:00,12.36292,-1.522499
civ-97f1e7c9-4bc0-4130-b075-582fd30b8264,2026-04-01T14:48:00,12.364148,-1.515422
civ-f0493e89-920b-4979-b16e-2ab8e097f1f2,2026-04-01T14:49:00,12.362962,-1.522536
VIPER-2,2026-04-01T14:50:00,12.361986,-1.512555
civ-cdab741d-8781-4990-9ffc-318db7645b5b,2026-04-01T14:50:00,12.363017,-1.522498
civ-00fc7cdc-ada6-41dc-9823-70008792df78,2026-04-01T14:50:00,12.362907,-1.522561
HAWK-2,2026-04-01T14:50:00,12.362017,-1.512554
LR-ASC-003,2026-04-01T14:50:00,12.362013,-1.512561
ST-ASC-003,2026-04-01T14:50:00,12.362003,-1.512547
civ-b518031a-67bd-4785-8b53-d4a2b024dc95,2026-04-01T14:50:00,12.363988,-1.515486
civ-0f3e819a-d3d5-45ef-9d8c-77d3eff1f2df,2026-04-01T14:52:00,12.363999,-1.515267
civ-8f6c8242-5e78-4da7-8ec0-d75ff7a23bad,2026-04-01T14:53:00,12.363942,-1.515497
civ-54536a32-2aca-4685-9d3c-c284980ee063,2026-04-01T14:53:00,12.363923,-1.515435
civ-2d5ae941-ac88-4f40-a227-5d982e441708,2026-04-01T14:53:00,12.362929,-1.522574
civ-b405903a-7dc2-446d-a658-f2f5a5b34008,2026-04-01T14:53:00,12.362929,-1.522512
civ-90a223ff-f4f3-49ab-9fca-ceb9b106b6be,2026-04-01T14:54:00,12.362922,-1.522546
civ-4c7a8076-a415-4ba8-bb35-4a3a52778684,2026-04-01T14:54:00,12.363015,-1.522553
civ-33f25eec-5c3f-4702-a65f-636866d0a736,2026-04-01T14:54:00,12.363931,-1.515562
civ-49cd6a2c-a83b-40af-96ba-0ab9102ce9d4,2026-04-01T14:54:00,12.36277,-1.522627
civ-e19a9dfa-2263-4e5b-ae79-c9cfd18e6ecd,2026-04-01T14:54:00,12.362967,-1.522445
civ-953ad526-551f-4f02-b371-e2affbf18dcb,2026-04-01T14:54:00,12.363978,-1.515482
civ-953ad526-551f-4f02-b371-e2affbf18dcb,2026-04-01T14:54:00,12.364045,-1.515488
civ-00fc7cdc-ada6-41dc-9823-70008792df78,2026-04-01T14:55:00,12.362899,-1.522581
civ-c183307f-27ba-43bd-ab79-4529e26ee9bf,2026-04-01T14:55:00,12.363778,-1.515472
civ-8b48de7e-b048-4367-99e6-891796647f65,2026-04-01T14:55:00,12.362909,-1.52257
civ-ee65292a-4e52-4688-b5bd-63b73cb8ee63,2026-04-01T14:55:00,12.363941,-1.515444
civ-a818fda1-0598-4b8f-9ed6-46019baf63d0,2026-04-01T14:56:00,12.363094,-1.522569
civ-ea31d67b-354b-4148-aa5d-6d7e779f049d,2026-04-01T14:57:00,12.362928,-1.522367
civ-b405903a-7dc2-446d-a658-f2f5a5b34008,2026-04-01T14:57:00,12.362909,-1.522446
civ-45523b38-4341-4952-87a2-b0dba2e1e182,2026-04-01T14:57:00,12.363994,-1.515509
civ-b9454c40-ad2d-4553-b699-cf96de42baf1,2026-04-01T14:57:00,12.362826,-1.522529
civ-0f3e819a-d3d5-45ef-9d8c-77d3eff1f2df,2026-04-01T14:59:00,12.364007,-1.515478
civ-90a223ff-f4f3-49ab-9fca-ceb9b106b6be,2026-04-01T15:00:00,12.362858,-1.522479
civ-2d5ae941-ac88-4f40-a227-5d982e441708,2026-04-01T15:00:00,12.362898,-1.522526
civ-628e0a3a-0f3a-41ec-baf6-3ea55173635e,2026-04-01T15:00:00,12.362835,-1.522519
civ-cdab741d-8781-4990-9ffc-318db7645b5b,2026-04-01T15:03:00,12.362961,-1.522528
civ-0a73e21d-0daf-4e5f-bc88-6042dfb4af09,2026-04-01T15:03:00,12.363907,-1.515417
civ-253efe68-70e6-49a8-957c-cf9960ed876a,2026-04-01T15:04:00,12.362949,-1.522518
civ-0f3e819a-d3d5-45ef-9d8c-77d3eff1f2df,2026-04-01T15:05:00,12.364137,-1.515351
civ-f42b2609-0746-42c6-98db-d75fd473d922,2026-04-01T15:07:00,12.363097,-1.522573
civ-0a73e21d-0daf-4e5f-bc88-6042dfb4af09,2026-04-01T15:08:00,12.363921,-1.515524
civ-cc02508f-839d-4d00-b0a0-032007c7a319,2026-04-01T15:09:00,12.36288,-1.522401
civ-f0493e89-920b-4979-b16e-2ab8e097f1f2,2026-04-01T15:09:00,12.36289,-1.522464
civ-00fc7cdc-ada6-41dc-9823-70008792df78,2026-04-01T15:09:00,12.362988,-1.522513
LR-ASC-003,2026-04-01T15:10:00,12.361715,-1.514429
civ-c183307f-27ba-43bd-ab79-4529e26ee9bf,2026-04-01T15:10:00,12.364052,-1.515418
civ-c183307f-27ba-43bd-ab79-4529e26ee9bf,2026-04-01T15:10:00,12.364048,-1.51527
civ-b518031a-67bd-4785-8b53-d4a2b024dc95,2026-04-01T15:10:00,12.364052,-1.515372
LR-ASC-003,2026-04-01T15:10:30,12.361804,-1.514589
LR-ASC-003,2026-04-01T15:11:00,12.36184,-1.514816
civ-54536a32-2aca-4685-9d3c-c284980ee063,2026-04-01T15:11:00,12.363941,-1.515396
civ-2d5ae941-ac88-4f40-a227-5d982e441708,2026-04-01T15:11:00,12.362947,-1.522362
civ-5cb78ca4-8c33-4dec-91b1-963e6af3d95f,2026-04-01T15:11:00,12.363975,-1.515607
LR-ASC-003,2026-04-01T15:11:30,12.361854,-1.515057
LR-ASC-003,2026-04-01T15:12:00,12.361683,-1.515222
civ-eb9e5c99-a951-4fe3-85ac-0e1cfbc264c2,2026-04-01T15:12:00,12.364057,-1.51555
LR-ASC-003,2026-04-01T15:12:30,12.361629,-1.515478
civ-0a73e21d-0daf-4e5f-bc88-6042dfb4af09,2026-04-01T15:13:00,12.364083,-1.515228
LR-ASC-003,2026-04-01T15:13:00,12.361575,-1.515734
civ-bbeb2b19-64df-445a-8d0e-2e7c5714ee89,2026-04-01T15:13:00,12.363855,-1.515382
LR-ASC-003,2026-04-01T15:13:30,12.361524,-1.51599
civ-8f6c8242-5e78-4da7-8ec0-d75ff7a23bad,2026-04-01T15:14:00,12.364152,-1.515321
civ-a818fda1-0598-4b8f-9ed6-46019baf63d0,2026-04-01T15:14:00,12.363031,-1.522414
civ-54536a32-2aca-4685-9d3c-c284980ee063,2026-04-01T15:14:00,12.364091,-1.515452
civ-f6d60cb2-46b0-4b1a-8c3d-6ecd9a96330c,2026-04-01T15:14:00,12.362956,-1.522443
LR-ASC-003,2026-04-01T15:14:00,12.361468,-1.516243
civ-8be7cf28-71c3-4912-b63f-873459ec9f61,2026-04-01T15:14:00,12.363864,-1.515277
LR-ASC-003,2026-04-01T15:14:30,12.361367,-1.516469
civ-b518031a-67bd-4785-8b53-d4a2b024dc95,2026-04-01T15:15:00,12.364277,-1.515299
civ-a818fda1-0598-4b8f-9ed6-46019baf63d0,2026-04-01T15:15:00,12.362902,-1.522455
civ-90a223ff-f4f3-49ab-9fca-ceb9b106b6be,2026-04-01T15:15:00,12.362826,-1.522478
LR-ASC-003,2026-04-01T15:15:00,12.361316,-1.516726
LR-ASC-003,2026-04-01T15:15:30,12.361265,-1.516982
LR-ASC-003,2026-04-01T15:16:00,12.361215,-1.517239
civ-8497d465-8c47-4327-be3e-8f9b32f3ffb8,2026-04-01T15:16:00,12.364075,-1.515502
civ-31785214-93e6-4ed2-8490-644603afdd7a,2026-04-01T15:16:00,12.362898,-1.52259
LR-ASC-003,2026-04-01T15:16:30,12.361167,-1.517496
civ-f42b2609-0746-42c6-98db-d75fd473d922,2026-04-01T15:17:00,12.362979,-1.522483
LR-ASC-003,2026-04-01T15:17:00,12.361198,-1.517697
civ-953ad526-551f-4f02-b371-e2affbf18dcb,2026-04-01T15:17:00,12.363948,-1.515332
civ-f9aa97df-c7c9-4cfc-a023-6bd47f776494,2026-04-01T15:17:00,12.364024,-1.515405
civ-f42b2609-0746-42c6-98db-d75fd473d922,2026-04-01T15:17:00,12.362824,-1.522554
LR-ASC-003,2026-04-01T15:17:30,12.361449,-1.517744
civ-bbeb2b19-64df-445a-8d0e-2e7c5714ee89,2026-04-01T15:18:00,12.363932,-1.515528
civ-d232d130-e0b2-4bb9-a668-da12e53daa54,2026-04-01T15:18:00,12.362809,-1.522609
LR-ASC-003,2026-04-01T15:18:00,12.361701,-1.51779
LR-ASC-003,2026-04-01T15:18:30,12.361952,-1.517837
LR-ASC-003,2026-04-01T15:19:00,12.362204,-1.517884
LR-ASC-003,2026-04-01T15:19:30,12.362456,-1.517931
civ-d232d130-e0b2-4bb9-a668-da12e53daa54,2026-04-01T15:20:00,12.363004,-1.522429
civ-33f25eec-5c3f-4702-a65f-636866d0a736,2026-04-01T15:20:00,12.36385,-1.515351
LR-ASC-003,2026-04-01T15:20:00,12.362707,-1.517979
civ-cc02508f-839d-4d00-b0a0-032007c7a319,2026-04-01T15:20:00,12.362974,-1.522427
civ-b9454c40-ad2d-4553-b699-cf96de42baf1,2026-04-01T15:20:00,12.362937,-1.522551
LR-ASC-003,2026-04-01T15:20:30,12.362958,-1.518027
LR-ASC-003,2026-04-01T15:21:00,12.36321,-1.518074
LR-ASC-003,2026-04-01T15:21:30,12.363461,-1.518122
LR-ASC-003,2026-04-01T15:22:00,12.363713,-1.51817
LR-ASC-003,2026-04-01T15:22:30,12.363964,-1.518218
LR-ASC-003,2026-04-01T15:23:00,12.364216,-1.518264
LR-ASC-003,2026-04-01T15:23:30,12.364468,-1.518309
LR-ASC-003,2026-04-01T15:24:00,12.36472,-1.518355
LR-ASC-003,2026-04-01T15:24:30,12.364971,-1.518401
LR-ASC-003,2026-04-01T15:25:00,12.364947,-1.518641
LR-ASC-003,2026-04-01T15:25:30,12.364898,-1.518898
LR-ASC-003,2026-04-01T15:26:00,12.364848,-1.519154
LR-ASC-003,2026-04-01T15:26:30,12.364796,-1.519411
LR-ASC-003,2026-04-01T15:27:00,12.364749,-1.519668
LR-ASC-003,2026-04-01T15:27:30,12.364701,-1.519925
LR-ASC-003,2026-04-01T15:28:00,12.364653,-1.520182
LR-ASC-003,2026-04-01T15:28:30,12.364606,-1.52044
LR-ASC-003,2026-04-01T15:29:00,12.364558,-1.520697
LR-ASC-003,2026-04-01T15:29:30,12.364512,-1.520955
VIPER-2,2026-04-01T15:30:00,12.364397,-1.521193
LR-ASC-003,2026-04-01T15:30:00,12.364466,-1.521212
LR-ASC-003,2026-04-01T15:30:00,12.364409,-1.521194
VIPER-2,2026-04-01T15:35:00,12.364393,-1.521202
ST-ASC-003,2026-04-01T16:00:00,12.361715,-1.514429
ST-ASC-003,2026-04-01T16:00:30,12.36188,-1.514902
ST-ASC-003,2026-04-01T16:01:00,12.361643,-1.515413
ST-ASC-003,2026-04-01T16:01:30,12.361518,-1.516021
ST-ASC-003,2026-04-01T16:02:00,12.361341,-1.516596
ST-ASC-003,2026-04-01T16:02:30,12.361221,-1.517205
ST-ASC-003,2026-04-01T16:03:00,12.361259,-1.517709
ST-ASC-003,2026-04-01T16:03:30,12.361856,-1.517819
ST-ASC-003,2026-04-01T16:04:00,12.362453,-1.517931
ST-ASC-003,2026-04-01T16:04:30,12.36305,-1.518044
ST-ASC-003,2026-04-01T16:05:00,12.363647,-1.518158
ST-ASC-003,2026-04-01T16:05:30,12.364244,-1.518269
ST-ASC-003,2026-04-01T16:06:00,12.364842,-1.518377
ST-ASC-003,2026-04-01T16:06:30,12.364905,-1.518862
ST-ASC-003,2026-04-01T16:07:00,12.364784,-1.519471
ST-ASC-003,2026-04-01T16:07:30,12.364672,-1.520082
ST-ASC-003,2026-04-01T16:08:00,12.364559,-1.520692
ST-ASC-003,2026-04-01T16:08:30,12.36445,-1.521304
ST-ASC-003,2026-04-01T16:09:00,12.36434,-1.521915
ST-ASC-003,2026-04-01T16:09:30,12.364231,-1.522526
ST-ASC-003,2026-04-01T16:10:00,12.364121,-1.523138
ST-ASC-003,2026-04-01T16:10:30,12.364011,-1.523749
ST-ASC-003,2026-04-01T16:11:00,12.363902,-1.52436
ST-ASC-003,2026-04-01T16:11:30,12.363809,-1.524974
ST-ASC-003,2026-04-01T16:12:00,12.363739,-1.525591
ST-ASC-003,2026-04-01T16:12:30,12.363669,-1.526209
ST-ASC-003,2026-04-01T16:13:00,12.363612,-1.526827
ST-ASC-003,2026-04-01T16:13:30,12.363538,-1.527444
ST-ASC-003,2026-04-01T16:14:00,12.363462,-1.528061
ST-ASC-003,2026-04-01T16:14:30,12.363386,-1.528677
ST-ASC-003,2026-04-01T16:15:00,12.363311,-1.529294
ST-ASC-003,2026-04-01T16:15:30,12.363228,-1.52991
ST-ASC-003,2026-04-01T16:16:00,12.363145,-1.530525
ST-ASC-003,2026-04-01T16:16:30,12.363064,-1.531141
ST-ASC-003,2026-04-01T16:17:00,12.362979,-1.531757
ST-ASC-003,2026-04-01T16:17:30,12.362895,-1.532372
ST-ASC-003,2026-04-01T16:18:00,12.362822,-1.532989
ST-ASC-003,2026-04-01T16:18:30,12.362752,-1.533606
ST-ASC-003,2026-04-01T16:19:00,12.362675,-1.534223
ST-ASC-003,2026-04-01T16:19:30,12.362615,-1.53484
ST-ASC-003,2026-04-01T16:20:00,12.362101,-1.534879
HAWK-2,2026-04-01T16:30:00,12.361715,-1.514429
HAWK-2,2026-04-01T16:30:30,12.361886,-1.514964
HAWK-2,2026-04-01T16:31:00,12.361617,-1.515535
HAWK-2,2026-04-01T16:31:30,12.361481,-1.516205
HAWK-2,2026-04-01T16:32:00,12.361293,-1.516841
HAWK-2,2026-04-01T16:32:30,12.361164,-1.517512
HAWK-2,2026-04-01T16:33:00,12.361619,-1.517775
HAWK-2,2026-04-01T16:33:30,12.362276,-1.517897
HAWK-2,2026-04-01T16:34:00,12.362933,-1.518022
HAWK-2,2026-04-01T16:34:30,12.36359,-1.518147
HAWK-2,2026-04-01T16:35:00,12.364248,-1.518269
HAWK-2,2026-04-01T16:35:30,12.364905,-1.518389
HAWK-2,2026-04-01T16:36:00,12.365563,-1.51851
HAWK-2,2026-04-01T16:36:30,12.36622,-1.518632
HAWK-2,2026-04-01T16:37:00,12.366877,-1.518759
HAWK-2,2026-04-01T16:37:30,12.367534,-1.518878
HAWK-2,2026-04-01T16:38:00,12.368193,-1.518995
HAWK-2,2026-04-01T16:38:30,12.368852,-1.519109
HAWK-2,2026-04-01T16:39:00,12.369508,-1.519235
HAWK-2,2026-04-01T16:39:30,12.370166,-1.519356
HAWK-2,2026-04-01T16:40:00,12.370824,-1.519473
HAWK-2,2026-04-01T16:40:30,12.371474,-1.519549
HAWK-2,2026-04-01T16:41:00,12.371248,-1.520144
HAWK-2,2026-04-01T16:41:30,12.371143,-1.52082
HAWK-2,2026-04-01T16:42:00,12.371001,-1.521488
HAWK-2,2026-04-01T16:42:30,12.370858,-1.522156
HAWK-2,2026-04-01T16:43:00,12.370722,-1.522825
HAWK-2,2026-04-01T16:43:30,12.370581,-1.523494
HAWK-2,2026-04-01T16:44:00,12.370435,-1.524161
HAWK-2,2026-04-01T16:44:30,12.37028,-1.524827
HAWK-2,2026-04-01T16:45:00,12.370135,-1.525494
HAWK-2,2026-04-01T16:45:30,12.369987,-1.526161
HAWK-2,2026-04-01T16:46:00,12.369674,-1.526761
HAWK-2,2026-04-01T16:46:30,12.369243,-1.527281
HAWK-2,2026-04-01T16:47:00,12.368674,-1.527596
HAWK-2,2026-04-01T16:47:30,12.368443,-1.528181
HAWK-2,2026-04-01T16:48:00,12.368284,-1.528844
HAWK-2,2026-04-01T16:48:30,12.368172,-1.529517
HAWK-2,2026-04-01T16:49:00,12.368089,-1.530194
HAWK-2,2026-04-01T16:49:30,12.367978,-1.530868
HAWK-2,2026-04-01T16:50:00,12.367573,-1.531347
HAWK-2,2026-04-01T16:50:30,12.36711,-1.53184
HAWK-2,2026-04-01T16:51:00,12.366639,-1.532325
HAWK-2,2026-04-01T16:51:30,12.366174,-1.532816
HAWK-2,2026-04-01T16:52:00,12.365711,-1.533309
HAWK-2,2026-04-01T16:52:30,12.365252,-1.533805
HAWK-2,2026-04-01T16:53:00,12.364798,-1.534291
HAWK-2,2026-04-01T16:53:30,12.364391,-1.534831
HAWK-2,2026-04-01T16:54:00,12.364017,-1.535398
HAWK-2,2026-04-01T16:54:30,12.363663,-1.535978
HAWK-2,2026-04-01T16:55:00,12.36331,-1.536559
HAWK-2,2026-04-01T16:55:30,12.362958,-1.53714
HAWK-2,2026-04-01T16:56:00,12.362601,-1.537718
HAWK-2,2026-04-01T16:56:30,12.362249,-1.5383
HAWK-2,2026-04-01T16:57:00,12.361896,-1.53888
HAWK-2,2026-04-01T16:57:30,12.361549,-1.539464
HAWK-2,2026-04-01T16:58:00,12.361193,-1.540043
HAWK-2,2026-04-01T16:58:30,12.360849,-1.540629
HAWK-2,2026-04-01T16:59:00,12.360504,-1.541215
HAWK-2,2026-04-01T16:59:30,12.360154,-1.541797
HAWK-2,2026-04-01T17:00:00,12.359804,-1.54238
civ-2a5233aa-4c31-4d32-ad6b-0489b91f824b,2026-04-02T06:40:00,12.364068,-1.515483
civ-364cd9e8-dfee-4532-8f08-66fbaaf66f89,2026-04-02T06:43:00,12.364143,-1.515446
civ-e881173b-30e7-406a-9aaa-78246ea4cf28,2026-04-02T06:43:00,12.363929,-1.515358
civ-11777d28-bea6-4df8-acb5-a9bca6258b8f,2026-04-02T06:43:00,12.36401,-1.515335
civ-336d8a2b-7123-4c5b-80f1-7e9df8dbe7d2,2026-04-02T06:43:00,12.362856,-1.522539
civ-87ef9c7c-16a7-4c84-81d2-0bd15f3157ea,2026-04-02T06:46:00,12.363008,-1.522537
civ-4f66ac33-0831-47f6-bc45-4e24eedfd9c1,2026-04-02T06:46:00,12.362933,-1.522554
civ-336d8a2b-7123-4c5b-80f1-7e9df8dbe7d2,2026-04-02T06:46:00,12.362936,-1.522538
civ-96ea2ffa-d5dd-494c-9fbb-4be4f186c4d3,2026-04-02T06:48:00,12.362929,-1.52252
civ-a120519c-6123-4418-bc79-0fcac1d6f641,2026-04-02T06:50:00,12.36396,-1.515366
civ-403b0efa-7af4-43cc-8d09-143b74678def,2026-04-02T06:52:00,12.362732,-1.522532
civ-574cad2e-1448-49d3-b635-7614ad9a904c,2026-04-02T06:52:00,12.364025,-1.515501
civ-11777d28-bea6-4df8-acb5-a9bca6258b8f,2026-04-02T06:53:00,12.36422,-1.515388
civ-87ef9c7c-16a7-4c84-81d2-0bd15f3157ea,2026-04-02T06:55:00,12.362717,-1.522591
civ-84ac32c3-eefd-426b-961f-b32cc6a6e27f,2026-04-02T06:58:00,12.36393,-1.515512
civ-e881173b-30e7-406a-9aaa-78246ea4cf28,2026-04-02T07:00:00,12.364169,-1.515279
civ-87ef9c7c-16a7-4c84-81d2-0bd15f3157ea,2026-04-02T07:01:00,12.362978,-1.522529
civ-2a5233aa-4c31-4d32-ad6b-0489b91f824b,2026-04-02T07:04:00,12.364078,-1.515278
civ-9211fb7a-681b-4b1c-b3cd-cae8d71b7059,2026-04-02T07:05:00,12.362926,-1.522313
civ-7cffa6b5-413d-45b8-aa08-05e3f84d5848,2026-04-02T07:06:00,12.36293,-1.522537
civ-f52a03e0-c206-4946-b8bd-03f2e0b5783a,2026-04-02T07:07:00,12.362908,-1.522514
civ-7cffa6b5-413d-45b8-aa08-05e3f84d5848,2026-04-02T07:07:00,12.363005,-1.522477
civ-96ea2ffa-d5dd-494c-9fbb-4be4f186c4d3,2026-04-02T07:07:00,12.362975,-1.522699
civ-96ea2ffa-d5dd-494c-9fbb-4be4f186c4d3,2026-04-02T07:08:00,12.362902,-1.522349
civ-84ac32c3-eefd-426b-961f-b32cc6a6e27f,2026-04-02T07:09:00,12.364037,-1.515231
civ-6b0539a5-d9e6-4bfe-a70d-2cd2413a938d,2026-04-02T07:11:00,12.364059,-1.515405
civ-e881173b-30e7-406a-9aaa-78246ea4cf28,2026-04-02T07:14:00,12.364043,-1.51538
civ-6b0539a5-d9e6-4bfe-a70d-2cd2413a938d,2026-04-02T07:15:00,12.36384,-1.515265
NEW-DEV-X2,2026-04-02T08:30:00,12.358998,-1.520886
NEW-DEV-X3,2026-04-02T08:30:00,12.358997,-1.520903
NEW-DEV-X1,2026-04-02T08:30:00,12.358995,-1.520905
NEW-DEV-X2,2026-04-02T08:40:00,12.358976,-1.52089
NEW-DEV-X3,2026-04-02T08:40:00,12.358987,-1.520907
NEW-DEV-X1,2026-04-02T08:40:00,12.359,-1.520905
NEW-DEV-X1,2026-04-02T08:50:00,12.358994,-1.520899
NEW-DEV-X3,2026-04-02T08:50:00,12.35899,-1.520884
NEW-DEV-X2,2026-04-02T08:50:00,12.359011,-1.520919
VIPER-3,2026-04-02T11:00:00,12.35903,-1.520731
VIPER-3,2026-04-02T11:00:30,12.358676,-1.520665
VIPER-3,2026-04-02T11:01:00,12.358323,-1.520598
VIPER-3,2026-04-02T11:01:30,12.357969,-1.520532
VIPER-3,2026-04-02T11:02:00,12.357616,-1.520465
VIPER-3,2026-04-02T11:02:30,12.357262,-1.520399
VIPER-3,2026-04-02T11:03:00,12.356909,-1.520332
VIPER-3,2026-04-02T11:03:30,12.356721,-1.520487
VIPER-3,2026-04-02T11:04:00,12.356684,-1.520853
VIPER-3,2026-04-02T11:04:30,12.356662,-1.52122
VIPER-3,2026-04-02T11:05:00,12.356638,-1.521587
VIPER-3,2026-04-02T11:05:30,12.356615,-1.521955
VIPER-3,2026-04-02T11:06:00,12.356591,-1.522322
VIPER-3,2026-04-02T11:06:30,12.356563,-1.522689
VIPER-3,2026-04-02T11:07:00,12.356539,-1.523056
VIPER-3,2026-04-02T11:07:30,12.356518,-1.523423
VIPER-3,2026-04-02T11:08:00,12.356491,-1.52379
VIPER-3,2026-04-02T11:08:30,12.356463,-1.524157
VIPER-3,2026-04-02T11:09:00,12.356437,-1.524524
VIPER-3,2026-04-02T11:09:30,12.356408,-1.524891
VIPER-3,2026-04-02T11:10:00,12.35638,-1.525257
VIPER-3,2026-04-02T11:10:30,12.356355,-1.525624
VIPER-3,2026-04-02T11:11:00,12.35633,-1.525991
VIPER-3,2026-04-02T11:11:30,12.356304,-1.526358
VIPER-3,2026-04-02T11:12:00,12.356282,-1.526726
VIPER-3,2026-04-02T11:12:30,12.356259,-1.527093
VIPER-3,2026-04-02T11:13:00,12.356231,-1.52746
VIPER-3,2026-04-02T11:13:30,12.356203,-1.527826
VIPER-3,2026-04-02T11:14:00,12.356176,-1.528193
VIPER-3,2026-04-02T11:14:30,12.356154,-1.528561
VIPER-3,2026-04-02T11:15:00,12.356128,-1.528928
VIPER-3,2026-04-02T11:15:30,12.356104,-1.529295
VIPER-3,2026-04-02T11:16:00,12.356078,-1.529662
VIPER-3,2026-04-02T11:16:30,12.35605,-1.530029
VIPER-3,2026-04-02T11:17:00,12.356022,-1.530395
VIPER-3,2026-04-02T11:17:30,12.355993,-1.530762
VIPER-3,2026-04-02T11:18:00,12.355968,-1.531129
VIPER-3,2026-04-02T11:18:30,12.355942,-1.531496
VIPER-3,2026-04-02T11:19:00,12.355924,-1.531864
VIPER-3,2026-04-02T11:19:30,12.355906,-1.532231
VIPER-3,2026-04-02T11:20:00,12.355876,-1.532598
VIPER-3,2026-04-02T11:20:30,12.355846,-1.532964
VIPER-3,2026-04-02T11:21:00,12.355816,-1.533331
VIPER-3,2026-04-02T11:21:30,12.355789,-1.533698
VIPER-3,2026-04-02T11:22:00,12.355764,-1.534065
VIPER-3,2026-04-02T11:22:30,12.355741,-1.534432
VIPER-3,2026-04-02T11:23:00,12.355717,-1.534799
VIPER-3,2026-04-02T11:23:30,12.35569,-1.535166
VIPER-3,2026-04-02T11:24:00,12.355658,-1.535533
VIPER-3,2026-04-02T11:24:30,12.35563,-1.535899
VIPER-3,2026-04-02T11:25:00,12.355603,-1.536266
VIPER-3,2026-04-02T11:25:30,12.355576,-1.536633
VIPER-3,2026-04-02T11:26:00,12.355552,-1.537
VIPER-3,2026-04-02T11:26:30,12.355533,-1.537368
VIPER-3,2026-04-02T11:27:00,12.355516,-1.537735
VIPER-3,2026-04-02T11:27:30,12.355507,-1.538103
VIPER-3,2026-04-02T11:28:00,12.355504,-1.538471
VIPER-3,2026-04-02T11:28:30,12.355495,-1.538813
VIPER-3,2026-04-02T11:29:00,12.355307,-1.539126
VIPER-3,2026-04-02T11:29:30,12.355119,-1.53944
VIPER-3,2026-04-02T11:30:00,12.354931,-1.539753
VIPER-3,2026-04-02T11:30:30,12.354741,-1.540066
VIPER-3,2026-04-02T11:31:00,12.354549,-1.540377
VIPER-3,2026-04-02T11:31:30,12.354364,-1.540692
VIPER-3,2026-04-02T11:32:00,12.354179,-1.541008
VIPER-3,2026-04-02T11:32:30,12.35399,-1.541321
VIPER-3,2026-04-02T11:33:00,12.353802,-1.541634
VIPER-3,2026-04-02T11:33:30,12.353613,-1.541947
VIPER-3,2026-04-02T11:34:00,12.353424,-1.54226
VIPER-3,2026-04-02T11:34:30,12.353234,-1.542573
VIPER-3,2026-04-02T11:35:00,12.353044,-1.542885
VIPER-3,2026-04-02T11:35:30,12.352854,-1.543197
VIPER-3,2026-04-02T11:36:00,12.352663,-1.543509
VIPER-3,2026-04-02T11:36:30,12.35281,-1.543739
VIPER-3,2026-04-02T11:37:00,12.353117,-1.54393
VIPER-3,2026-04-02T11:37:30,12.353425,-1.544121
VIPER-3,2026-04-02T11:38:00,12.353732,-1.544312
VIPER-3,2026-04-02T11:38:30,12.35404,-1.544502
VIPER-3,2026-04-02T11:39:00,12.35434,-1.544704
VIPER-3,2026-04-02T11:39:30,12.354641,-1.544905
VIPER-3,2026-04-02T11:40:00,12.354956,-1.545082
LR-ASC-004,2026-04-02T13:00:00,12.355008,-1.544989
LR-ASC-004,2026-04-02T13:10:00,12.355006,-1.54501
civ-69d05412-164c-4771-8826-3ef30c7fe8c8,2026-04-02T14:42:00,12.364166,-1.515299
civ-2a99b397-f886-45e7-93a4-67677d175c33,2026-04-02T14:43:00,12.363986,-1.515438
civ-ddf2e125-d4e9-47c6-9bd6-eb0484f9aadb,2026-04-02T14:44:00,12.36293,-1.522537
civ-5a29e86f-e771-4d3a-b970-244e0ee70682,2026-04-02T14:44:00,12.36397,-1.51525
civ-c70fccfa-6bf7-46f9-ac2c-1ce5e8446781,2026-04-02T14:44:00,12.363884,-1.515517
civ-9f953337-48e8-4821-99bb-fb2e0fb2e4b2,2026-04-02T14:45:00,12.362975,-1.522577
civ-c70fccfa-6bf7-46f9-ac2c-1ce5e8446781,2026-04-02T14:45:00,12.363909,-1.515549
civ-69d05412-164c-4771-8826-3ef30c7fe8c8,2026-04-02T14:45:00,12.364232,-1.515395
civ-04614a5b-92bd-442d-98e4-ff900119a91f,2026-04-02T14:46:00,12.362916,-1.522478
civ-c491c5e3-87f6-4433-b486-e15307b8bfb7,2026-04-02T14:50:00,12.362906,-1.522543
civ-c70fccfa-6bf7-46f9-ac2c-1ce5e8446781,2026-04-02T14:51:00,12.364074,-1.515393
civ-5a29e86f-e771-4d3a-b970-244e0ee70682,2026-04-02T14:55:00,12.363977,-1.515535
civ-ddf2e125-d4e9-47c6-9bd6-eb0484f9aadb,2026-04-02T14:55:00,12.362767,-1.522397
civ-ee9e3524-6924-462e-b059-415f6e48eddd,2026-04-02T14:57:00,12.362921,-1.522431
civ-5a29e86f-e771-4d3a-b970-244e0ee70682,2026-04-02T15:05:00,12.363978,-1.515425
civ-6b484edb-3fd0-4760-bd37-4672bc5f0915,2026-04-02T15:05:00,12.362876,-1.522588
civ-51624aec-9e89-4664-bd14-06dd73aa2a0e,2026-04-02T15:10:00,12.362993,-1.522546
civ-93b1b4e6-1b1e-4c0f-b332-23547ef8213f,2026-04-02T15:10:00,12.363911,-1.515411
civ-51624aec-9e89-4664-bd14-06dd73aa2a0e,2026-04-02T15:11:00,12.362943,-1.52247
civ-93b1b4e6-1b1e-4c0f-b332-23547ef8213f,2026-04-02T15:12:00,12.364005,-1.515302
civ-93b1b4e6-1b1e-4c0f-b332-23547ef8213f,2026-04-02T15:13:00,12.363848,-1.515262
civ-a55da93f-1ace-4a25-ac9f-40273048d53e,2026-04-02T15:14:00,12.362859,-1.522576
civ-04614a5b-92bd-442d-98e4-ff900119a91f,2026-04-02T15:15:00,12.362957,-1.522296
civ-a7048742-2c31-4991-b6a4-f2fc5668576e,2026-04-02T15:16:00,12.363757,-1.515405
civ-a1d4bbe6-01ed-407a-880c-4c5330d7e18e,2026-04-02T15:16:00,12.364018,-1.515413
civ-a1d4bbe6-01ed-407a-880c-4c5330d7e18e,2026-04-02T15:17:00,12.364001,-1.515402
civ-ec9e164e-0a9a-4ccf-801d-3e7192e54deb,2026-04-02T15:17:00,12.363979,-1.515337
civ-69d05412-164c-4771-8826-3ef30c7fe8c8,2026-04-02T15:19:00,12.363976,-1.5155
civ-11f30fa7-b3d7-4cdd-8644-46cdd1feb9a0,2026-04-03T06:40:00,12.363993,-1.515344
civ-5ca29a8a-6ec3-46b0-b411-9ad5d5114a32,2026-04-03T06:42:00,12.364103,-1.515463
civ-142d2b2a-d715-48b6-9409-48f68f4f71e5,2026-04-03T06:42:00,12.364075,-1.515359
civ-0e956424-4715-4686-83a4-4b2fe85e4880,2026-04-03T06:43:00,12.364044,-1.515383
civ-61429d5c-6e99-4928-ba77-a08892d2d886,2026-04-03T06:44:00,12.364016,-1.51552
civ-d3ab49d2-cac4-46ad-abb5-f322511816a6,2026-04-03T06:44:00,12.362953,-1.522528
civ-2529bf5a-b017-411f-8a01-43c8fad5661f,2026-04-03T06:44:00,12.362837,-1.522627
civ-0e956424-4715-4686-83a4-4b2fe85e4880,2026-04-03T06:45:00,12.363923,-1.515337
civ-2529bf5a-b017-411f-8a01-43c8fad5661f,2026-04-03T06:46:00,12.362853,-1.522406
civ-ac09af68-ff7f-4358-a41f-b94ecc95925f,2026-04-03T06:48:00,12.362964,-1.52246
civ-142d2b2a-d715-48b6-9409-48f68f4f71e5,2026-04-03T06:49:00,12.364034,-1.515345
civ-5461c85a-5690-4cd8-aa41-d6a4e0e0d973,2026-04-03T06:50:00,12.364064,-1.515451
civ-c4733338-742a-4550-8dff-685a9cc8e799,2026-04-03T06:53:00,12.362853,-1.522456
civ-a7940b4e-9d1c-4f46-ba79-4d8bd870edf2,2026-04-03T06:53:00,12.36276,-1.522445
civ-25ff4b11-62ca-44c8-955b-ef85cdde2605,2026-04-03T06:55:00,12.362851,-1.522464
civ-dbc644e7-67f0-4b59-be6e-52fa977a7a2b,2026-04-03T06:56:00,12.362878,-1.522534
civ-a7940b4e-9d1c-4f46-ba79-4d8bd870edf2,2026-04-03T06:56:00,12.362713,-1.522347
civ-5ca29a8a-6ec3-46b0-b411-9ad5d5114a32,2026-04-03T06:57:00,12.36423,-1.515409
civ-ac09af68-ff7f-4358-a41f-b94ecc95925f,2026-04-03T06:59:00,12.362868,-1.522396
civ-c4733338-742a-4550-8dff-685a9cc8e799,2026-04-03T07:00:00,12.36279,-1.522436
civ-d3ab49d2-cac4-46ad-abb5-f322511816a6,2026-04-03T07:00:00,12.362803,-1.522445
civ-e6d13d59-97f4-46ff-8875-3c76c48a123d,2026-04-03T07:01:00,12.363997,-1.515241
civ-4ccbfeae-c003-4363-bf58-d4d1f024ee68,2026-04-03T07:02:00,12.362919,-1.522509
civ-5ca29a8a-6ec3-46b0-b411-9ad5d5114a32,2026-04-03T07:07:00,12.363948,-1.515389
civ-11f30fa7-b3d7-4cdd-8644-46cdd1feb9a0,2026-04-03T07:07:00,12.364056,-1.515541
civ-5461c85a-5690-4cd8-aa41-d6a4e0e0d973,2026-04-03T07:08:00,12.364057,-1.515312
civ-643d515e-4764-4bee-818b-518969714427,2026-04-03T07:09:00,12.362929,-1.522613
civ-a7940b4e-9d1c-4f46-ba79-4d8bd870edf2,2026-04-03T07:12:00,12.362785,-1.522342
civ-142d2b2a-d715-48b6-9409-48f68f4f71e5,2026-04-03T07:14:00,12.36405,-1.515303
civ-11f30fa7-b3d7-4cdd-8644-46cdd1feb9a0,2026-04-03T07:15:00,12.363935,-1.515422
civ-e1769aaf-042f-4ec6-bcb5-62991dd17989,2026-04-03T07:15:00,12.364039,-1.515381
civ-2529bf5a-b017-411f-8a01-43c8fad5661f,2026-04-03T07:16:00,12.362983,-1.522517
civ-e1769aaf-042f-4ec6-bcb5-62991dd17989,2026-04-03T07:17:00,12.363994,-1.515549
civ-750a6392-2ba5-4703-add7-f907cc8a5510,2026-04-03T07:20:00,12.363944,-1.515237
civ-0f591fc3-8463-480c-b255-f8107f68857f,2026-04-03T14:40:00,12.362915,-1.522517
civ-f3dbe413-956b-427d-a481-133ac089e714,2026-04-03T14:42:00,12.363903,-1.515305
civ-114275da-7ea8-4963-90af-4bf57e151407,2026-04-03T14:42:00,12.364003,-1.515397
civ-852cb4ad-d169-40d8-b611-6d6f616d1d1b,2026-04-03T14:46:00,12.363961,-1.515428
civ-8800ec78-8d20-4180-9915-b27df6e568d1,2026-04-03T14:46:00,12.362851,-1.52257
civ-1105a01e-8d16-47cc-87b8-091cdee834a4,2026-04-03T14:46:00,12.362993,-1.522457
civ-1105a01e-8d16-47cc-87b8-091cdee834a4,2026-04-03T14:47:00,12.362937,-1.522653
civ-8800ec78-8d20-4180-9915-b27df6e568d1,2026-04-03T14:48:00,12.362918,-1.522588
civ-30480c63-0f97-446b-9b07-04261c392520,2026-04-03T14:49:00,12.36413,-1.515382
civ-126e6d64-1630-4efd-8713-0fc3103e2133,2026-04-03T14:49:00,12.36305,-1.522409
civ-1308df78-503c-4845-ab0e-a06477113bc1,2026-04-03T14:50:00,12.36291,-1.522486
civ-a05cdf8f-c9fd-496b-ba61-24780fa1b761,2026-04-03T14:50:00,12.364093,-1.515534
civ-0ad1e042-e4ed-4ce1-a106-6b230dfaab4a,2026-04-03T14:51:00,12.364007,-1.515304
civ-5f0865af-8a4c-4b21-8c23-9ff3f5f7fae0,2026-04-03T14:53:00,12.362845,-1.522627
civ-0b4d49da-a0bf-4976-958e-9c44bc94f3ce,2026-04-03T14:53:00,12.362947,-1.522565
civ-a5171981-b1bc-4cb5-a96c-810cc59696cd,2026-04-03T14:53:00,12.364084,-1.515446
civ-a5171981-b1bc-4cb5-a96c-810cc59696cd,2026-04-03T14:55:00,12.364009,-1.515442
civ-126e6d64-1630-4efd-8713-0fc3103e2133,2026-04-03T14:57:00,12.362734,-1.522615
civ-1308df78-503c-4845-ab0e-a06477113bc1,2026-04-03T14:58:00,12.362897,-1.522401
civ-01cdbab1-316d-41cf-ac4c-39b10ab09d7d,2026-04-03T14:59:00,12.362928,-1.522654
civ-5f0865af-8a4c-4b21-8c23-9ff3f5f7fae0,2026-04-03T15:01:00,12.362917,-1.522568
civ-852cb4ad-d169-40d8-b611-6d6f616d1d1b,2026-04-03T15:02:00,12.36402,-1.515443
civ-114275da-7ea8-4963-90af-4bf57e151407,2026-04-03T15:03:00,12.363996,-1.515339
civ-19f858cc-d961-468f-b0bc-101ed44ee00b,2026-04-03T15:06:00,12.364024,-1.51532
civ-9b2a0c42-279a-49a2-85cf-2da898346318,2026-04-03T15:07:00,12.364024,-1.515515
civ-b9814298-03d0-4e41-b576-8f831afc983e,2026-04-03T15:11:00,12.362815,-1.522263
civ-b9814298-03d0-4e41-b576-8f831afc983e,2026-04-03T15:12:00,12.362812,-1.522405
civ-0f591fc3-8463-480c-b255-f8107f68857f,2026-04-03T15:13:00,12.362779,-1.522433
civ-01cdbab1-316d-41cf-ac4c-39b10ab09d7d,2026-04-03T15:14:00,12.362867,-1.522505
civ-126e6d64-1630-4efd-8713-0fc3103e2133,2026-04-03T15:15:00,12.362923,-1.522412
civ-852cb4ad-d169-40d8-b611-6d6f616d1d1b,2026-04-03T15:15:00,12.364113,-1.515481
civ-0f591fc3-8463-480c-b255-f8107f68857f,2026-04-03T15:15:00,12.362902,-1.522469
civ-0b4d49da-a0bf-4976-958e-9c44bc94f3ce,2026-04-03T15:18:00,12.362844,-1.522498
civ-30480c63-0f97-446b-9b07-04261c392520,2026-04-03T15:19:00,12.363983,-1.51544
civ-5f0865af-8a4c-4b21-8c23-9ff3f5f7fae0,2026-04-03T15:20:00,12.362817,-1.522622
